,open,high,low,close,volume
2021-06-25,66.0156,66.0407,64.6588,65.1362,2105482
2021-06-28,64.6588,65.1948,63.4276,63.6202,2405175
2021-06-29,63.5700,64.4159,63.4862,63.8882,1710337
2021-06-30,63.6537,63.9385,62.3137,63.0674,2659233
2021-07-01,63.4527,64.0976,63.1344,63.6454,1828664
2021-07-02,63.7877,64.3656,63.6537,63.8464,1687141
2021-07-05,63.5616,63.9385,62.7576,63.5783,1405803
2021-07-06,63.6035,63.6035,60.8312,61.0657,3071780
2021-07-07,61.2165,61.6352,59.4911,60.6386,3735118
2021-07-08,60.1444,60.1444,58.4107,59.2398,3639721
2021-07-09,59.9183,61.1830,59.4157,61.0490,3270953
2021-07-12,60.8731,62.0540,59.6670,61.3588,2701598
2021-07-13,61.5599,61.7776,60.8563,61.1495,1992656
2021-07-14,61.2248,62.0959,60.8982,61.5599,1654743
2021-07-15,62.3974,62.6654,60.9736,61.2918,2509125
2021-07-16,61.8614,61.8614,59.9183,60.0690,2159369
2021-07-19,59.4660,59.6167,57.5396,58.3185,3383079
2021-07-20,58.6284,59.1393,57.9081,58.6871,2787089
2021-07-21,57.1795,60.0690,56.3419,59.3320,3891095
2021-07-22,59.9350,60.8228,59.7843,59.7843,2431737
2021-07-23,60.7223,63.5281,60.6637,63.0423,4680515
2021-07-26,62.5733,63.2936,61.6520,63.1931,2348512
2021-07-27,62.8664,62.8664,61.7776,61.9870,2366891
2021-07-28,62.1629,62.5733,61.8027,62.0289,1630296
2021-07-29,62.1461,63.8464,61.7944,63.7794,2650757
2021-07-30,63.0339,63.3355,62.3388,63.0507,2770730
2021-08-02,64.0306,64.8598,63.7124,64.0223,2269023
2021-08-03,64.0725,64.2316,62.9251,63.4443,1720917
2021-08-04,63.6537,64.2903,63.3606,63.6035,1838038
2021-08-05,63.3271,63.5867,62.4393,63.1596,1680167
2021-08-06,63.0758,64.4997,62.8078,63.6789,1671621
2021-08-09,62.6235,63.2517,62.2215,62.4644,1874421
2021-08-10,62.2215,62.5900,61.9535,62.3472,1303289
2021-08-11,62.3890,62.9586,61.8614,62.7157,1684486
2021-08-12,62.7994,63.6119,62.5649,63.3271,1932574
2021-08-13,63.4862,63.8212,63.1512,63.3522,1329631
2021-08-16,62.6738,62.8581,61.9451,62.1880,1814871
2021-08-17,61.7609,61.8530,60.9233,60.9401,2136646
2021-08-18,60.9736,60.9819,59.9434,60.1444,2447842
2021-08-19,58.4609,59.0053,58.1510,58.3102,3268840
2021-08-20,58.0170,58.5363,57.4977,58.5363,2254239
2021-08-23,59.7340,59.8764,58.5196,58.5196,2203480
2021-08-24,58.9551,59.7005,58.6368,59.2482,2031805
2021-08-25,59.1645,59.8848,58.9132,59.5665,1846335
2021-08-26,59.1645,59.4492,58.6536,59.2147,1530079
2021-08-27,59.3152,59.8010,58.9886,59.6419,1222370
2021-08-30,59.8429,60.3705,59.7256,59.9685,1376885
2021-08-31,60.3538,60.7558,59.1896,59.8178,2870896
2021-09-01,60.4710,60.5380,59.3068,59.5246,1624492
2021-09-02,59.5246,59.9183,58.9551,59.1477,1893350
2021-09-03,59.2231,59.5079,58.5196,58.7708,1715363
2021-09-06,59.0137,59.3152,58.2515,58.7038,1995083
2021-09-07,58.8629,59.4409,58.7038,58.9467,1773366
2021-09-08,58.6619,58.6787,57.2549,57.5480,3282009
2021-09-09,57.0203,57.8328,56.6602,57.3721,2637446
2021-09-10,57.4559,58.4944,57.4559,57.9081,2266264
2021-09-13,58.2850,60.2617,58.2850,60.0523,3462549
2021-09-14,60.1444,61.2081,60.0858,60.7391,3108146
2021-09-15,60.1444,61.5934,60.0774,60.7307,2625314
2021-09-16,60.7893,61.5180,60.1360,60.4124,2458052
2021-09-17,61.0154,61.2332,59.4576,59.7675,6563297
2021-09-20,58.5698,58.7876,56.7439,57.9165,4644107
2021-09-21,58.2515,58.8713,57.7406,58.0422,2601472
2021-09-22,58.4944,60.2868,58.3939,60.2449,2784575
2021-09-23,60.7223,61.6855,60.4794,61.1578,2703339
2021-09-24,61.0573,62.3807,60.3287,62.2131,2622214
2021-09-27,62.8162,63.8547,62.6570,63.4862,3431309
2021-09-28,63.4695,65.4042,63.2768,63.8464,5174189
2021-09-29,64.3238,65.1948,63.9301,64.8263,2244393
2021-09-30,65.0776,65.3121,64.2568,64.2568,2919920
2021-10-01,63.2852,65.2786,62.4895,64.8012,3630569
2021-10-04,64.4913,65.0943,63.5867,64.4997,2594745
2021-10-05,64.6839,64.8095,63.7375,64.6504,2155475
2021-10-06,63.9469,64.2484,62.8664,63.2936,3445633
2021-10-07,64.1479,66.0659,63.9804,65.8649,3757678
2021-10-08,66.7108,67.9839,66.6773,67.5735,4371059
2021-10-11,67.2552,69.6171,66.8197,69.5166,3899366
2021-10-12,68.2770,69.4496,68.0844,68.9387,2826257
2021-10-13,68.8465,69.4663,68.0592,68.3105,2722209
2021-10-14,68.8968,69.7343,68.4780,69.7008,3223210
2021-10-15,69.7092,70.3457,69.5920,70.0610,2680878
2021-10-18,69.8767,70.1280,68.2184,68.6371,2627698
2021-10-19,69.0810,69.4831,68.5199,68.9889,1799960
2021-10-20,68.7712,69.3909,67.4311,68.6371,2505983
2021-10-21,67.7326,69.2067,67.5483,68.4529,1947220
2021-10-22,68.5701,69.4412,68.2435,68.7712,1799034
2021-10-25,68.7209,70.2034,68.6120,69.4244,2961272
2021-10-26,69.8935,70.3541,69.3407,69.6003,2158418
2021-10-27,69.2234,70.4379,68.7795,70.0024,2377338
2021-10-28,69.2821,70.2285,69.0978,70.2285,1973605
2021-10-29,69.7176,71.8868,69.2653,71.8115,4375140
2021-11-01,72.0292,73.3442,71.8617,72.8500,2310725
2021-11-02,72.6155,73.0929,71.7612,72.9421,2397959
2021-11-03,72.4480,73.1432,71.9203,72.8919,2104363
2021-11-04,73.0510,73.9053,69.9353,72.8668,4333947
2021-11-05,72.3307,73.7546,72.2470,73.3609,2613344
2021-11-08,73.0175,73.4363,72.5150,73.0594,1463678
2021-11-09,72.9924,73.9221,72.9254,73.2185,1771670
2021-11-10,73.2772,74.0393,72.5653,73.7797,2569079
2021-11-11,73.6206,74.2487,73.0510,73.1683,2856079
2021-11-12,73.3442,73.7546,72.9589,73.6122,1906236
2021-11-15,73.5117,74.7178,73.4112,74.3995,1832852
2021-11-16,74.7178,75.2287,74.1566,74.7178,2375510
2021-11-17,74.8099,75.2873,74.3660,74.8936,2028790
2021-11-18,75.2957,76.7446,75.1030,76.1332,3138791
2021-11-19,76.2170,76.5687,74.5921,75.2035,4505494
2021-11-22,75.1282,76.6022,75.0444,76.1918,2522957
2021-11-23,75.3794,76.3845,75.0779,75.4129,2383331
2021-11-24,75.4883,75.5972,73.3609,74.0142,3062917
2021-11-25,74.5251,74.7094,73.5452,74.0226,1273094
2021-11-26,71.1917,71.6774,68.8884,69.6506,6383596
2021-11-29,70.5803,70.8148,68.9722,69.3491,3847583
2021-11-30,68.4613,70.2285,67.3641,69.5166,5932984
2021-12-01,70.5970,72.9003,69.8767,72.5234,4178344
2021-12-02,71.5853,73.1432,71.2754,72.1213,3785417
2021-12-03,72.8333,73.0929,71.1247,71.7193,3390481
2021-12-06,72.5401,72.8249,70.8650,71.5853,2809101
2021-12-07,72.7663,73.3107,72.3140,72.7076,3734703
2021-12-08,72.7076,72.7998,70.5468,71.8785,3325880
2021-12-09,72.0711,73.2520,71.3592,72.1800,3457043
2021-12-10,73.2000,75.3100,71.0100,74.2500,7213204
2021-12-13,74.7200,76.1100,73.9900,74.0000,4680761
2021-12-14,73.0000,73.7400,71.4700,71.4700,4265644
2021-12-15,71.8100,72.4000,71.0900,71.1200,2931838
2021-12-16,72.5200,72.9600,71.0200,71.7400,3421998
2021-12-17,70.3900,70.6500,68.5400,68.7500,7737176
2021-12-20,66.7000,67.8200,66.4800,67.3000,4786790
2021-12-21,68.2000,68.8000,67.2900,68.6200,2264407
2021-12-22,68.7000,69.6900,68.1600,69.6900,1839788
2021-12-23,70.2100,70.5300,69.9400,70.0900,1620249
2021-12-27,69.8800,70.1800,69.5000,69.8900,1243078
2021-12-28,69.9300,70.5400,69.4900,69.6000,1494742
2021-12-29,69.6000,69.7500,68.1800,68.2300,2470115
2021-12-30,68.2400,68.5900,67.5900,67.5900,2237979
2022-01-03,68.5000,69.1900,67.8900,68.7000,2654611
2022-01-04,69.4800,72.6300,69.4100,72.1100,4936145
2022-01-05,72.4000,75.0500,72.4000,75.0000,5106683
2022-01-06,73.9300,76.4300,73.5400,74.9100,3602804
2022-01-07,75.0400,75.6800,73.3700,73.5600,2755179
2022-01-10,74.0900,74.4800,72.7800,73.0500,2384947
2022-01-11,73.5400,73.5600,71.9100,72.5400,2488494
2022-01-12,73.4000,74.0400,72.4400,73.4200,2946446
2022-01-13,73.2100,75.6000,73.2000,75.4300,3906108
2022-01-14,74.7200,75.6500,74.4900,74.7900,2448641
2022-01-17,75.1600,75.3200,73.4800,74.2600,1926199
2022-01-18,73.9000,75.2100,72.8100,74.6400,2955090
2022-01-19,74.0900,75.4600,73.6500,74.5000,3104068
2022-01-20,74.0000,74.5300,72.1500,73.2000,3532959
2022-01-21,72.0400,72.0800,71.0000,71.9300,4055043
2022-01-24,71.4800,72.5600,67.8800,68.3000,5020505
2022-01-25,69.2000,69.7800,68.0200,68.8200,3132631
2022-01-26,69.4300,71.0700,69.1700,70.5100,2931917
2022-01-27,69.4600,71.7800,69.3100,71.1500,2960980
2022-01-28,70.8000,70.8000,68.5000,69.8700,3281757
2022-01-31,70.6200,70.8200,69.1900,69.9300,2650761
2022-02-01,70.0000,70.9200,69.7000,70.1600,2186518
2022-02-02,70.3600,70.5600,69.2400,69.4000,2056085
2022-02-03,69.1000,70.4500,69.1000,69.6900,2636950
2022-02-04,70.3800,70.3800,67.2500,67.8300,3544933
2022-02-07,68.3200,68.6500,67.5600,67.5600,2619261
2022-02-08,67.4500,68.9500,66.7300,67.5600,2866739
2022-02-09,68.4000,70.9600,68.2700,70.5400,4477504
2022-02-10,70.5400,70.6500,69.2000,69.7500,2499973
2022-02-11,69.0100,75.3600,68.6500,74.4400,7685106
2022-02-14,71.9700,74.9800,71.7400,74.3100,6449171
2022-02-15,74.1500,75.4600,73.4500,75.3800,4255754
2022-02-16,75.4900,77.4200,75.2000,75.8200,3338076
2022-02-17,76.9400,77.9000,75.4700,76.0600,3129408
2022-02-18,76.5100,77.6500,75.2500,75.5900,2876383
2022-02-21,76.6400,77.0700,73.8100,74.0300,3466863
2022-02-22,71.4800,74.2100,71.1000,73.2200,3938250
2022-02-23,74.3000,75.2500,72.9400,73.5700,3345429
2022-02-24,69.0000,71.3300,67.8500,68.7900,8297015
2022-02-25,70.4600,72.1000,68.3500,72.0600,6292551
2022-02-28,69.9000,70.6000,68.1700,70.1700,5868911
2022-03-01,69.5000,70.4900,66.3200,66.4400,6811103
2022-03-02,65.2000,65.3300,63.0500,64.0600,8133642
2022-03-03,64.0000,64.4100,60.0000,60.2100,6123312
2022-03-04,58.8500,60.0900,56.8100,58.0000,9611532
2022-03-07,55.2200,59.4500,54.6700,57.3900,8645172
2022-03-08,56.4400,58.7000,56.4300,57.0000,6732058
2022-03-09,59.1400,61.3600,58.1500,61.3600,6946066
2022-03-10,61.3600,61.8100,57.3300,59.0900,6757062
2022-03-11,59.3600,61.6200,58.0600,58.5900,6157828
2022-03-14,60.1600,61.4800,59.6800,60.7600,4719598
2022-03-15,60.3900,62.8500,59.2300,62.1400,5067779
2022-03-16,64.3100,66.0800,63.2500,65.2600,6129054
2022-03-17,65.8000,65.9100,63.4900,64.0000,4486444
2022-03-18,63.8700,64.9800,62.2100,62.6300,8469566
2022-03-21,63.0200,63.9200,62.5300,63.3200,2621597
2022-03-22,63.7800,64.9300,63.1000,64.1600,3027640
2022-03-23,64.7200,64.8300,62.7800,63.3200,2832496
2022-03-24,63.3500,64.3300,62.4700,63.1200,2963436
2022-03-25,63.3200,64.1000,62.5100,63.2100,2499241
2022-03-28,63.3900,65.2300,63.3000,63.9100,2760387
2022-03-29,65.1100,68.1600,64.6600,66.8500,4830793
2022-03-30,66.4300,66.9300,64.9500,65.3500,3326372
2022-03-31,65.8000,65.9700,63.4000,63.8100,4179264
2022-04-01,64.0100,64.7600,63.3100,63.4900,2848350
2022-04-04,63.9900,64.5400,62.8100,64.2600,2538008
2022-04-05,64.4900,64.8200,62.6200,62.9600,3425810
2022-04-06,62.7000,62.9500,60.6200,62.2300,4539402
2022-04-07,62.4400,63.2800,62.0800,62.2800,2920342
2022-04-08,63.4600,64.1400,62.6700,63.2200,2477629
2022-04-11,62.5500,62.7400,61.5200,62.3900,3274607
2022-04-12,61.5000,63.1500,60.8000,62.5000,2791096
2022-04-13,62.2800,63.3600,61.8800,62.8600,2297064
2022-04-14,63.2000,63.9600,62.8200,63.3200,3459542
2022-04-19,63.4000,64.6400,63.0100,64.2800,2834276
2022-04-20,64.8900,66.2000,64.5300,65.3500,3107995
2022-04-21,65.6200,66.6600,65.1300,65.8500,3029738
2022-04-22,65.1000,65.8700,64.7300,64.7300,3535982
2022-04-25,63.7300,64.4000,62.9600,63.8300,4119685
2022-04-26,64.9100,65.1200,62.8100,62.9100,4784384
2022-04-27,63.7900,65.5000,62.5300,63.8800,5329559
2022-04-28,65.0000,66.8800,64.8800,66.5100,5497785
2022-04-29,67.1000,67.5300,66.4300,67.1000,6141085
2022-05-02,61.7900,63.1200,61.7600,62.2200,4880723
2022-05-03,62.3200,62.8900,61.6000,62.8800,3449636
2022-05-04,62.9700,63.2700,62.2900,62.3300,2525642
2022-05-05,63.4000,63.8400,60.7400,61.0000,3077742
2022-05-06,60.6800,62.4700,60.3100,62.0800,3781433
2022-05-09,61.6900,62.6300,60.5600,60.5600,2550726
2022-05-10,61.5000,62.4000,61.0500,61.1300,2562459
2022-05-11,62.2800,63.9400,62.0100,63.8600,4564813
2022-05-12,63.0000,63.8300,62.0500,63.5100,3339970
2022-05-13,63.6500,64.5600,62.9200,64.1000,3062818
2022-05-16,64.0500,64.6000,63.0400,63.5600,2472225
2022-05-17,64.0800,65.1600,63.9100,65.1400,2785107
2022-05-18,65.2000,65.8600,64.7000,64.7600,2660096
2022-05-19,64.0300,64.0300,61.9900,63.2800,3904945
2022-05-20,63.5400,65.3000,63.1400,63.3000,4037406
2022-05-23,64.6000,64.6100,63.1500,64.5600,2226726
2022-05-24,64.1200,65.0800,63.7100,63.7100,2312803
2022-05-25,64.3100,64.4800,63.2900,64.0000,2180008
2022-05-26,64.3000,65.5400,64.1500,65.2000,2741419
2022-05-27,65.5200,66.0200,64.7900,66.0200,2659850
2022-05-30,66.3300,66.7500,65.7100,66.2700,1714484
2022-05-31,66.1100,67.4200,65.6000,66.2000,8549353
2022-06-01,66.9100,67.9500,66.9100,67.3000,2800907
2022-06-02,67.1000,68.4200,67.1000,67.8000,2123752
2022-06-03,68.1900,68.3300,67.0100,67.3500,2015728
2022-06-06,67.9000,68.3600,67.3300,68.2300,1860110
2022-06-07,67.6600,68.2100,67.1900,67.7700,1824079
2022-06-08,68.0400,68.1900,67.0700,67.9500,2396213
2022-06-09,67.6600,68.2200,66.8300,66.9500,2377373
2022-06-10,66.3000,66.5500,64.7600,64.9100,3222045
2022-06-13,63.5000,63.9900,61.6800,62.1500,4698245
2022-06-14,62.4800,62.9200,61.3700,62.2900,3057644
2022-06-15,63.0000,63.9000,62.5300,63.4400,3421889
2022-06-16,63.5200,63.5300,61.3100,61.7000,3319069
2022-06-17,62.0000,62.4600,61.0300,61.9300,8659417
2022-06-20,62.1400,63.0700,61.4600,62.9800,1856646
2022-06-21,63.1400,64.7000,63.0400,64.1700,2127892
2022-06-22,63.1800,63.3700,61.7600,62.4200,3001216
2022-06-23,62.1300,62.5000,58.5800,58.5800,4503913
2022-06-24,58.9200,58.9500,56.8600,58.5600,4012939
2022-06-27,59.0000,60.4200,58.3900,59.2400,2602482
2022-06-28,59.7500,60.3900,58.8600,58.9300,2304696
2022-06-29,57.9400,58.4200,57.2200,57.6000,3125816
2022-06-30,56.4800,56.4800,54.4200,55.2200,5239689
2022-07-01,54.6600,55.6500,54.3900,55.0000,3058854
2022-07-04,55.5400,55.6000,53.0800,53.4500,2788226
2022-07-05,54.1400,54.6600,50.9500,51.0300,4302723
2022-07-06,51.3600,52.0600,50.6200,50.6200,3383302
2022-07-07,51.4000,54.2000,51.2700,53.8500,3913441
2022-07-08,53.6500,55.8700,53.0500,55.8700,3874127
2022-07-11,53.9600,55.1800,53.5700,53.5800,3197596
2022-07-12,52.9500,54.1400,52.2100,54.0000,2414937
2022-07-13,53.3300,53.4500,51.0100,51.5200,4001175
2022-07-14,51.6300,52.1800,50.1900,50.6800,3820841
2022-07-15,50.8900,53.0400,50.4000,52.8700,4988165
2022-07-18,53.3700,54.2900,52.5200,53.9700,2724224
2022-07-19,53.6200,56.6600,53.3100,56.4400,3477506
2022-07-20,56.1600,56.7700,54.4300,55.3900,2748669
2022-07-21,55.7200,55.9500,54.2200,55.0800,2404588
2022-07-22,55.0800,55.5400,54.6900,54.6900,1977983
2022-07-25,54.7200,56.1500,54.3600,55.4500,2161496
2022-07-26,55.1900,55.2000,54.0200,54.2700,2622172
2022-07-27,56.5000,56.7000,54.8800,56.2500,3433910
2022-07-28,57.2000,57.6600,55.4500,56.7400,3058351
2022-07-29,57.2900,57.7400,56.6100,57.2200,3086825
2022-08-01,57.3500,58.3500,57.1700,57.4500,2240864
2022-08-02,57.2500,57.9500,56.5200,57.8000,2267997
2022-08-03,57.2200,58.7900,56.4000,58.7300,3019430
2022-08-04,58.9000,61.0200,58.8100,59.1300,3128523
2022-08-05,59.0200,59.7500,58.7300,58.9100,2081223
2022-08-08,59.5000,60.5900,59.4500,60.4700,2157053
2022-08-09,60.4700,60.8900,59.6200,59.6300,1540043
2022-08-10,59.5000,60.8000,59.2600,60.5200,1477512
2022-08-11,60.9200,61.1200,60.0900,60.5200,1334795
2022-08-12,60.7900,61.4800,60.5900,60.9300,1661009
2022-08-15,61.0200,61.1700,59.9900,60.5600,1231335
2022-08-16,60.6500,61.4400,60.5400,61.2200,1399574
2022-08-17,61.4900,61.6600,60.0800,60.0900,1939799
2022-08-18,60.2500,60.9600,59.9800,60.3400,1451857
2022-08-19,59.9000,60.0900,57.9900,58.0900,3083542
2022-08-22,57.7000,58.0000,55.3200,55.9100,2742003
2022-08-23,55.7000,57.0900,55.5000,56.7400,2197419
2022-08-24,56.3000,56.7900,55.5600,55.8300,2228760
2022-08-25,56.2700,56.8100,55.5400,56.3100,1778662
2022-08-26,56.4100,57.0200,54.6500,55.0000,2788422
2022-08-29,54.6800,56.1800,54.2800,56.1800,1969692
2022-08-30,56.2300,57.8300,55.8000,56.7600,2416581
2022-08-31,57.4000,58.0100,56.1200,56.1200,2579501
2022-09-01,55.8000,55.8000,54.7900,55.0000,1943324
2022-09-02,55.9100,57.5800,55.5000,57.5800,3231350
2022-09-05,55.5100,55.7000,53.2300,53.6400,3874435
2022-09-06,53.6700,55.4000,53.5200,55.2400,2218159
2022-09-07,54.5100,56.3000,54.5100,56.0900,1848813
2022-09-08,56.0700,56.4600,54.0600,55.0500,2837453
2022-09-09,55.1000,56.9500,55.1000,56.3700,2197430
2022-09-12,57.0000,59.2800,56.8900,59.2800,3448989
2022-09-13,59.5000,60.0000,58.0400,58.2600,3070445
2022-09-14,57.9100,58.8700,56.9800,57.7500,2925812
2022-09-15,57.9100,58.2600,56.9900,57.5500,2127022
2022-09-16,56.9500,57.2900,55.6200,57.0200,5775034
2022-09-19,57.0500,58.0200,55.8800,57.5200,1470842
2022-09-20,57.8000,58.8000,56.8200,57.0000,1811591
2022-09-21,56.4000,57.5800,55.8900,57.3300,1367175
2022-09-22,56.1100,57.3300,55.8800,56.1000,1930789
2022-09-23,56.0100,56.0100,53.6100,53.9100,2821988
2022-09-26,53.1700,55.7100,53.0100,54.7700,2205489
2022-09-27,56.0100,56.5500,54.3900,54.5200,2423870
2022-09-28,53.6200,54.7500,53.1300,54.4400,2749282
2022-09-29,54.5500,54.7500,51.7700,52.4300,4101909
2022-09-30,52.6800,53.3700,50.9800,52.3500,3648879
2022-10-03,52.3200,53.3200,51.0800,52.9900,2511294
2022-10-04,54.1300,55.1700,53.4000,55.0000,2920928
2022-10-05,54.5100,54.5500,52.3000,53.0100,2697461
2022-10-06,53.8700,54.4200,53.1600,53.8400,2066809
2022-10-07,53.2000,53.7000,52.3700,52.6100,2278524
2022-10-10,51.8000,53.4400,51.6300,52.0500,2177491
2022-10-11,51.8500,52.8500,50.6500,52.8500,2670358
2022-10-12,52.7100,52.9300,51.7500,52.7700,1939609
2022-10-13,52.6200,54.0400,51.8500,53.6200,2368282
2022-10-14,54.5200,54.8500,53.2800,53.8600,2157075
2022-10-17,54.1800,55.6200,53.8400,55.2500,1776863
2022-10-18,56.4700,57.9900,55.9000,57.1400,2913706
2022-10-19,57.5200,58.1700,57.0400,57.4700,1794682
2022-10-20,57.0300,57.9800,56.3800,57.0000,2004413
2022-10-21,56.4100,57.5200,56.0800,56.9300,3061172
2022-10-24,57.6100,58.5500,56.9200,58.4400,2501917
2022-10-25,59.0900,59.2500,57.2000,58.3000,2382138
2022-10-26,58.7200,58.9400,57.0700,58.9400,2716922
2022-10-27,58.6200,59.3500,57.7800,58.8100,2247948
2022-10-28,57.6400,58.5200,56.7400,58.2000,2818548
2022-10-31,58.8300,58.8500,57.9100,58.6000,1472138
2022-11-01,58.9900,59.7700,58.6000,59.1400,1617080
2022-11-02,59.5000,59.5900,58.0400,58.0400,1935690
2022-11-03,57.6000,57.7500,56.5200,57.0700,2531028
2022-11-04,57.4000,59.7400,57.2300,59.7400,2986616
2022-11-07,59.2500,60.8600,59.1300,59.8300,1982248
2022-11-08,59.8900,60.7700,59.7100,60.6800,2214419
2022-11-09,60.5600,60.6600,59.5900,59.9200,1656985
2022-11-10,59.8700,63.4200,59.8200,63.3400,4408393
2022-11-11,63.8000,65.2200,63.7400,64.7900,3448590
2022-11-14,65.5500,65.8300,64.4600,64.9400,1863787
2022-11-15,65.5300,65.6100,64.3100,65.1900,1814287
2022-11-16,64.4200,64.5400,60.5100,61.1500,5855377
2022-11-17,61.6100,61.9200,59.4100,60.2200,2955510
2022-11-18,60.8200,62.4500,60.6600,62.2200,4348709
2022-11-21,61.6800,62.4700,61.5500,61.9100,1389921
2022-11-22,61.8000,62.7300,61.6600,62.1600,1597248
2022-11-23,62.3500,62.5000,61.1600,62.0800,1565578
2022-11-24,62.0500,62.6600,62.0200,62.5000,1181204
2022-11-25,62.6000,62.7000,61.9500,62.3700,1251984
2022-11-28,61.7000,62.0800,61.2700,61.5100,1822227
2022-11-29,61.7800,62.6500,61.5400,62.5400,2166881
2022-11-30,62.7300,64.7000,62.7300,64.4000,4058987
2022-12-01,65.2200,65.3700,63.2500,64.1600,1819216
2022-12-02,63.4300,64.6300,63.4000,64.0900,1784916
2022-12-05,64.4500,64.6500,63.5100,64.2600,2148286
2022-12-06,64.5800,64.8900,63.5700,63.7800,1529196
2022-12-07,63.5000,64.3100,63.0700,63.1200,1582496
2022-12-08,63.2000,63.5200,62.5900,63.1200,1804621
2022-12-09,63.4700,64.9800,63.1500,64.7900,2692302
2022-12-12,64.5000,64.7000,63.9800,64.0500,1797201
2022-12-13,64.1700,65.6800,63.7900,64.6100,2463128
2022-12-14,64.2700,64.8300,64.0700,64.5600,2312355
2022-12-15,64.2000,64.7800,62.0400,62.1000,3837595
2022-12-16,62.2200,62.9700,61.6100,62.0300,5172715
2022-12-19,62.1000,63.0500,61.9800,62.6300,1503334
2022-12-20,62.1900,62.3100,61.5200,62.0000,1788337
2022-12-21,62.2200,62.8600,61.7600,62.8600,1292377
2022-12-22,62.9700,63.0600,60.7200,61.0000,1950310
2022-12-23,60.9100,61.7500,60.8000,61.3500,961726
2022-12-27,61.9800,62.4100,61.6600,61.8800,744145
2022-12-28,62.0800,62.0800,61.0800,61.3300,1293906
2022-12-29,61.0000,62.2200,60.8500,62.0000,1006366
2022-12-30,61.8000,61.9700,61.3300,61.4000,867268
2023-01-02,61.9600,63.8800,61.8900,63.7800,1836012
2023-01-03,63.7000,64.9400,63.6600,64.0500,1630673
2023-01-04,64.4000,66.1100,64.3000,65.8600,2715145
2023-01-05,65.7800,66.6600,65.3600,66.4100,1793620
2023-01-06,66.6300,67.0800,64.9500,66.4600,2127422
2023-01-09,67.1100,67.7000,66.8900,67.3200,2399636
2023-01-10,67.3200,67.9800,66.8800,67.7500,2376716
2023-01-11,67.9800,68.4700,67.7900,68.1400,2116073
2023-01-12,68.4200,69.1300,67.9600,68.9000,2712212
2023-01-13,68.6800,68.6800,66.7300,67.0400,3072434
2023-01-16,67.4300,67.4500,66.6200,67.1600,1466111
2023-01-17,67.1600,67.8000,66.4500,67.2300,1582531
2023-01-18,67.3300,67.7000,66.9200,67.3000,1245010
2023-01-19,66.5900,66.9100,65.5200,65.5200,2152459
2023-01-20,66.0400,66.2000,65.2800,65.7900,2128467
2023-01-23,66.5100,67.3600,66.0800,67.2700,1724442
2023-01-24,67.6000,68.2500,67.0600,67.7500,2031321
2023-01-25,67.5700,67.9400,67.2100,67.6000,1309779
2023-01-26,68.0900,68.4500,67.7000,68.3000,1733510
2023-01-27,68.5100,69.2400,68.5100,68.8700,1970350
2023-01-30,69.1000,69.1300,67.2300,67.7200,2593538
2023-01-31,67.4800,68.3000,66.8200,68.1500,2386354
2023-02-01,68.5100,69.7800,68.2300,69.6000,2608230
2023-02-02,69.9500,72.8400,69.5600,72.2000,4335198
2023-02-03,71.6800,72.6800,71.1300,72.0000,3214000
2023-02-06,71.4500,72.0500,70.6900,71.8500,1925947
2023-02-07,72.0300,72.4900,71.5900,71.9500,1661559
2023-02-08,72.1100,72.5700,71.2200,71.7900,1721447
2023-02-09,71.9000,73.3800,71.9000,72.9900,2361035
2023-02-10,72.6700,72.9500,71.4000,71.9600,2045968
2023-02-13,72.0000,72.2500,71.4700,71.4700,1207531
2023-02-14,71.6800,72.2400,71.1100,71.4800,1602344
2023-02-15,71.4500,72.4700,71.3200,72.3600,1530975
2023-02-16,72.8000,73.1500,71.7000,72.5800,2101550
2023-02-17,73.6100,75.0600,73.5400,74.6400,5170528
2023-02-20,75.0000,75.5500,74.8200,74.8700,1619956
2023-02-21,74.8600,75.1200,73.6200,74.5900,1779722
2023-02-22,74.1700,74.3600,73.4700,73.9800,1935831
2023-02-23,74.2600,74.8800,74.0500,74.1100,2167050
2023-02-24,74.4800,74.6100,71.9400,71.9400,5234674
2023-02-27,72.9000,73.1300,72.4100,72.5900,1552245
2023-02-28,72.3100,73.5400,71.7600,72.6500,2395280
2023-03-01,73.1500,74.0800,72.7400,73.3300,2058806
2023-03-02,72.9200,73.8800,72.1900,73.6200,1635655
2023-03-03,73.6200,75.8400,73.6200,75.5900,2941485
2023-03-06,75.7500,75.9200,75.2600,75.7700,1543597
2023-03-07,75.5700,75.8200,75.1500,75.3400,1336673
2023-03-08,75.3600,75.7700,74.9600,75.1200,1804184
2023-03-09,75.3400,75.7500,73.6600,74.7700,1935647
2023-03-10,72.5000,74.2400,72.2500,74.0300,2665376
2023-03-13,74.3900,74.5900,71.4200,71.6800,4137051
2023-03-14,72.1200,72.9900,71.2400,72.8200,2859137
2023-03-15,72.8200,72.9600,69.7200,70.1500,4519645
2023-03-16,71.0800,71.2800,68.7900,70.3600,4593018
2023-03-17,70.9000,71.2300,68.3500,69.2600,9158469
2023-03-20,68.8400,69.6100,67.0200,69.1400,2625711
2023-03-21,70.1700,71.2500,70.0500,70.4800,2673789
2023-03-22,70.6100,71.7200,70.5000,71.1700,1921978
2023-03-23,71.3200,71.6600,70.2900,70.7200,1650894
2023-03-24,70.4000,70.4000,67.8200,69.6500,3513012
2023-03-27,70.3700,71.8400,70.2400,71.4800,2052688
2023-03-28,72.5100,72.7700,71.7400,71.8900,1355205
2023-03-29,70.0800,70.8200,69.8300,70.3600,3853734
2023-03-30,70.9800,71.1900,70.3800,70.9100,2582982
2023-03-31,71.1700,71.2400,70.3200,70.7800,3241795
2023-04-03,70.8100,70.9300,70.0500,70.4100,3464723
2023-04-04,70.6900,71.2400,70.3600,70.4400,2396840
2023-04-05,70.6900,70.8300,68.2300,68.4300,3362207
2023-04-06,68.4700,68.5500,67.4000,67.8200,2319896
2023-04-11,68.7000,69.5800,68.4200,68.8800,2427777
2023-04-12,68.9900,70.2800,68.9000,69.3400,1983591
2023-04-13,69.4000,70.1800,69.1300,69.7900,1779787
2023-04-14,69.9600,70.8000,69.7900,70.4100,2400954
2023-04-17,70.8300,70.9100,69.1300,69.2500,2327453
2023-04-18,69.5600,70.2500,69.4200,70.1700,2710343
2023-04-19,70.1300,70.6100,69.5600,70.6100,2085092
2023-04-20,70.3000,70.3000,67.9500,68.2300,4028108
2023-04-21,69.6000,70.1900,68.3100,69.2100,4229716
2023-04-24,69.4800,70.1500,69.1000,69.8900,1951192
2023-04-25,69.8900,70.1500,69.3800,69.7600,2010841
2023-04-26,69.7500,70.1500,69.1000,70.0600,2143895
2023-04-27,70.2500,71.0600,69.6600,70.0600,2705371
2023-04-28,70.9200,71.3100,68.3500,70.5800,4484728
2023-05-02,71.2000,71.5500,69.5600,69.5600,3619970
2023-05-03,70.0000,70.4100,68.9300,70.2500,4057074
2023-05-04,66.5000,66.6400,64.5100,65.0600,4895234
2023-05-05,65.1500,66.6900,64.9900,66.6800,3347560
2023-05-08,66.9900,67.3700,66.5200,66.6800,2022023
2023-05-09,66.8600,67.3800,66.5800,67.1500,2778602
2023-05-10,67.5900,67.9500,66.8400,67.6600,2685946
2023-05-11,67.8000,68.2100,67.2600,67.7700,2752091
2023-05-12,68.1700,68.3000,67.7000,67.8600,2180549
2023-05-15,68.0000,68.3400,67.7700,68.0000,1655858
2023-05-16,67.6900,67.7600,67.0000,67.4000,2505551
2023-05-17,67.2500,68.4500,67.1500,68.3800,2414124
2023-05-18,68.9000,70.6900,68.8100,70.5000,3489030
2023-05-19,70.7500,71.7900,70.6700,71.1800,4060785
2023-05-22,71.2200,71.6000,70.9400,71.4000,1878847
2023-05-23,71.3000,71.4800,70.9600,71.2600,1754573
2023-05-24,70.7500,70.9000,69.5800,69.9200,2779971
2023-05-25,70.0600,70.6600,69.4900,70.2500,1966352
2023-05-26,70.7000,71.4400,70.1600,71.4400,2199584
2023-05-29,71.5000,72.0800,70.9600,71.1600,1509671
2023-05-30,71.0700,71.9800,70.9000,71.2000,1836543
2023-05-31,70.3500,71.0000,69.4800,69.7700,9349162
2023-06-01,70.3100,70.7800,69.9300,70.5600,1760173
2023-06-02,71.2500,72.4200,71.0100,72.2400,3128986
2023-06-05,72.3000,72.4000,71.6500,72.0400,1675542
2023-06-06,71.9700,72.2400,71.5000,72.0300,1293109
2023-06-07,72.0900,72.5700,71.5200,72.4700,2140621
2023-06-08,72.4800,73.7600,72.4200,73.0000,2603334
2023-06-09,73.0700,73.4100,72.6000,72.6000,1472053
2023-06-12,73.0000,73.6500,72.9300,73.6000,1922110
2023-06-13,73.9900,74.3800,72.5000,74.3800,2562255
2023-06-14,74.4900,75.8500,74.4100,75.3500,3412044
2023-06-15,75.1600,75.2200,74.5500,75.1800,2180019
2023-06-16,75.1300,76.1000,74.8300,76.1000,9064187
2023-06-19,75.6300,75.9300,75.1900,75.5400,1454192
2023-06-20,75.1900,75.3300,74.2400,75.0500,1844673
2023-06-21,75.3100,75.5900,73.9800,74.0500,2441517
2023-06-22,72.9400,72.9700,71.9500,72.3500,2615289
2023-06-23,72.6100,72.6100,71.3200,72.0300,2021890
2023-06-26,72.2400,72.3100,70.5800,71.9800,2108434
2023-06-27,72.1800,72.3800,71.2700,71.8300,2047053
2023-06-28,72.2800,72.7600,71.8600,72.5400,1666174
2023-06-29,72.9000,73.4400,72.7300,72.9800,1359574
2023-06-30,73.5000,73.9200,72.9800,73.6700,2983542
2023-07-03,73.9500,74.4700,73.3900,73.6200,1667671
2023-07-04,74.0000,74.0000,71.8900,72.7500,1704565
2023-07-05,72.2000,73.6000,71.9500,73.5700,2170925
2023-07-06,73.2900,73.3300,71.0300,71.4200,2696415
2023-07-07,71.3500,71.9500,70.8800,71.9500,2193616
2023-07-10,71.8600,72.4300,71.0600,71.9100,1165077
2023-07-11,72.2900,72.4200,71.4500,72.3800,1577401
2023-07-12,72.5400,72.7400,71.9400,72.6100,2075037
2023-07-13,72.4400,73.0500,71.9400,72.8000,2193914
2023-07-14,72.6800,72.7400,72.2200,72.4300,1403461
2023-07-17,72.0300,72.5900,71.8400,72.5200,1318088
2023-07-18,72.5600,72.9000,71.9000,72.4700,1476416
2023-07-19,72.6900,72.7900,71.3800,71.8900,1739005
2023-07-20,71.5000,71.8400,71.2700,71.5600,1984640
2023-07-21,70.5600,71.7200,70.4500,71.2000,2682292
2023-07-24,71.1000,71.4900,70.6900,71.4000,1834338
2023-07-25,71.9000,71.9000,71.0100,71.2200,1363722
2023-07-26,70.8000,71.0600,69.1200,69.9600,3825392
2023-07-27,69.9100,72.9600,68.7700,72.7200,4881783
2023-07-28,72.9800,73.5600,71.7800,73.5600,2522824
2023-07-31,73.6000,73.7000,72.5500,72.6400,1939953
2023-08-01,72.7900,72.8400,70.6600,70.9200,3075871
2023-08-02,70.0400,71.2500,69.6600,71.0500,1997851
2023-08-03,70.5000,71.3400,70.0700,71.1600,2051658
2023-08-04,71.5000,71.7800,70.8600,71.5000,1571767
2023-08-07,71.1800,71.6800,70.7100,71.4000,1545919
2023-08-08,71.0400,71.7100,69.5800,70.2800,2394838
2023-08-09,70.0200,70.6300,69.5000,69.5000,1733233
2023-08-10,70.0700,70.7400,69.9200,70.3300,1903057
2023-08-11,69.9900,70.1100,69.1100,69.1100,2450747
2023-08-14,68.9500,69.2700,68.5600,68.8400,1957208
2023-08-15,68.8800,68.9700,68.0900,68.1300,1639229
2023-08-16,68.0000,68.9500,67.8400,68.2800,1558031
2023-08-17,68.1100,68.1600,67.3200,67.5200,1978472
2023-08-18,67.0900,67.1500,66.3900,67.0200,2654962
2023-08-21,66.8500,67.8300,66.7700,67.5400,1734287
2023-08-22,68.0000,68.2600,67.6100,67.7900,1279950
2023-08-23,68.0000,68.3100,67.2200,67.5400,1797299
2023-08-24,68.1000,68.4900,66.8800,66.9900,1921427
2023-08-25,66.8100,67.3200,66.6100,67.0000,1411722
2023-08-28,67.6000,67.7400,66.6100,67.4300,1847514
2023-08-29,67.5100,67.9300,67.2400,67.8300,2263590
2023-08-30,68.1900,68.2200,67.3000,67.5100,1981494
2023-08-31,67.6000,67.9900,67.3100,67.5400,7356061
2023-09-01,67.7400,67.8000,65.5700,65.8600,3407902
2023-09-04,66.0200,66.9500,66.0100,66.5000,1721615
2023-09-05,66.2000,66.9200,65.9100,66.9100,1915375
2023-09-06,66.5500,66.9200,66.1600,66.2400,1868524
2023-09-07,66.0400,66.4500,65.3000,65.3000,2146909
2023-09-08,65.4500,65.9500,64.6800,65.8300,2258116
2023-09-11,66.2400,66.6100,65.8500,66.2300,2417449
2023-09-12,66.6600,67.3900,65.9000,66.9100,2676363
2023-09-13,66.8100,69.5000,66.5700,66.8500,3529751
2023-09-14,66.8800,66.8800,65.5300,66.4600,3030009
2023-09-15,67.2700,67.8900,66.7400,67.2100,4884518
2023-09-18,67.1500,67.3300,66.1600,66.4400,2471988
2023-09-19,66.4400,67.3300,66.3500,66.8400,1749962
2023-09-20,67.1000,68.5500,67.0900,68.2100,2661750
2023-09-21,67.6000,67.9700,66.8800,67.4300,1703195
2023-09-22,67.1000,67.4400,66.6100,67.3300,2017943
2023-09-25,66.9800,67.2700,65.8700,66.3800,2525595
2023-09-26,66.3600,66.3600,65.1500,65.4600,2379936
2023-09-27,65.3200,66.2200,65.1300,65.2600,1770969
2023-09-28,65.4800,66.2100,64.7800,65.8900,2121972
2023-09-29,66.0200,66.3300,65.6200,65.8900,2242431
2023-10-02,66.5000,66.5300,65.1400,65.6100,1800099
2023-10-03,65.4100,65.8100,64.9000,64.9300,1708507
2023-10-04,64.5200,65.2000,63.5200,64.9300,2371506
2023-10-05,64.9000,65.0400,64.2900,64.4200,1629229
2023-10-06,64.4200,64.8400,62.7400,63.8500,3411439
2023-10-09,63.4800,63.6800,62.8300,63.4500,1704444
2023-10-10,63.9300,65.0100,63.8800,64.6100,2336447
2023-10-11,64.3700,65.0900,63.8900,64.8500,2216892
2023-10-12,65.3500,65.6300,64.8800,65.1900,1425955
2023-10-13,65.1400,65.4300,64.2600,64.3200,2178624
2023-10-16,64.3700,64.8500,63.7100,64.7000,1684499
2023-10-17,64.4600,64.8800,63.9900,64.8700,1555144
2023-10-18,65.0000,65.2900,64.1800,64.1800,1671117
2023-10-19,63.4600,63.8100,62.5800,63.4500,2859429
2023-10-20,62.9600,63.0400,61.7600,62.0100,4497505
2023-10-23,62.2000,62.2000,60.7500,61.7000,3481693
2023-10-24,61.4600,61.7800,61.1000,61.5300,2104956
2023-10-25,61.7000,61.8100,60.7600,61.3800,2615103
2023-10-26,58.5300,58.7500,57.1100,57.8400,8028344
2023-10-27,57.0500,57.8700,56.0300,56.2100,5563262
2023-10-30,56.0100,56.4300,55.2700,55.5800,3801648
2023-10-31,55.5000,55.8700,55.0800,55.4300,4005904
2023-11-01,55.8600,56.5400,55.3400,55.9700,3838016
2023-11-02,56.8500,57.6900,56.4500,57.5200,3882307
2023-11-03,58.2100,58.4900,57.8800,57.9000,4028205
2023-11-06,58.3000,58.4000,57.4200,57.5300,2340378
2023-11-07,57.1800,57.5900,56.6800,56.8700,2498745
2023-11-08,56.5800,57.8100,56.3900,57.4500,2257548
2023-11-09,57.5400,57.9200,57.1900,57.2900,2046433
2023-11-10,56.7500,56.8600,56.2400,56.4900,2751051
2023-11-13,56.8600,57.0300,56.2100,56.6000,2480912
2023-11-14,57.0300,58.0900,56.4700,57.9900,3412347
2023-11-15,58.2900,58.7900,58.1000,58.6900,2511199
2023-11-16,58.3300,58.8000,57.8900,57.9500,2201153
2023-11-17,58.1000,58.7600,57.8800,58.6000,2603266
2023-11-20,58.9900,59.0800,58.4600,58.9300,2028002
2023-11-21,58.7600,59.1100,58.1400,58.1600,2239459
2023-11-22,58.4500,58.6000,58.1000,58.2800,1687437
2023-11-23,58.4000,58.5000,58.1300,58.2400,1324102
2023-11-24,58.0000,58.6400,57.6200,58.5600,2059372
2023-11-27,58.5000,58.6500,58.0500,58.3600,1800473
2023-11-28,58.0000,58.0000,57.5900,57.9600,2082850
2023-11-29,58.0000,59.5400,57.9700,59.2900,3050584
2023-11-30,59.5800,59.7800,58.9900,59.5800,3589967
2023-12-01,59.6700,60.1600,59.4600,60.1400,1957079
2023-12-04,60.1000,60.7600,59.8200,60.5200,2116842
2023-12-05,60.3000,61.6800,60.2200,61.4500,3039437
2023-12-06,61.7000,62.9800,61.4300,62.3700,2600586
2023-12-07,62.0800,62.5600,61.9600,62.3400,2073491
2023-12-08,62.4400,63.1100,62.1100,62.8700,2934602
2023-12-11,62.9600,63.2500,62.4700,63.0500,2199996
2023-12-12,63.2700,63.6100,62.7200,62.7200,2164014
2023-12-13,61.9400,62.6100,61.6700,61.7400,2621757
2023-12-14,63.4000,64.1900,63.0500,63.5000,4322932
2023-12-15,64.0100,65.3200,63.9700,64.3700,6512480
2023-12-18,63.7300,63.8100,63.2900,63.5400,2444623
2023-12-19,63.2500,63.6600,63.1500,63.2100,1758153
2023-12-20,63.3700,63.9200,62.9100,63.1400,1880142
2023-12-21,62.4000,62.7800,62.0800,62.7100,1594417
2023-12-22,62.6100,63.2500,62.5300,62.8500,1656994
2023-12-27,62.6700,63.0200,62.3800,62.6700,1234302
2023-12-28,62.7900,62.8300,62.2200,62.2600,1318193
2023-12-29,62.3000,62.7600,62.2600,62.5500,748677
2024-01-02,62.7500,63.7800,62.2600,63.3300,1724329
2024-01-03,63.3800,63.6100,61.8900,62.2000,2310818
2024-01-04,62.4200,62.8600,62.2400,62.3200,2207718
2024-01-05,62.0000,63.3000,61.5100,62.5500,2345812
2024-01-08,62.5000,63.6100,62.1400,63.5600,1681104
2024-01-09,63.5500,63.8400,63.2300,63.8000,2111832
2024-01-10,63.7400,64.0600,62.9600,62.9600,2266784
2024-01-11,63.5200,64.0300,62.2200,62.2200,2415628
2024-01-12,62.4200,62.5300,61.1800,61.3600,2974285
2024-01-15,61.2200,61.6700,60.7000,61.4200,1911584
2024-01-16,61.1800,61.4200,60.7100,61.2800,2225382
2024-01-17,60.2500,60.5100,59.2100,59.3200,3506283
2024-01-18,59.1200,60.3300,58.8400,59.8400,2416672
2024-01-19,60.1000,60.1500,59.0200,59.1100,3089578
2024-01-22,59.4100,60.0500,59.1400,59.2900,2169356
2024-01-23,59.4400,60.9200,59.3300,60.2200,2735630
2024-01-24,60.6000,61.0300,60.0900,60.7300,1859667
2024-01-25,60.6000,60.6500,59.4000,59.7500,2851011
2024-01-26,59.7600,61.3000,59.7600,61.2600,3214963
2024-01-29,61.3400,61.8800,60.7600,61.8800,2159220
2024-01-30,62.1600,62.8100,61.5400,62.2600,2006522
2024-01-31,62.1400,63.0200,62.0400,62.8500,3123530
2024-02-01,62.8700,63.5500,62.7500,63.0800,2449579
2024-02-02,64.0000,65.1300,63.7000,64.3400,3770724
2024-02-05,64.5500,64.6100,63.1500,63.1800,2387817
2024-02-06,63.7500,64.1400,63.3300,63.9600,1844561
2024-02-07,64.1400,65.1600,63.9800,63.9800,2028234
2024-02-08,64.3500,65.2700,63.9400,65.0400,1836118
2024-02-09,65.1000,65.4600,64.6000,64.9200,1751091
2024-02-12,65.2400,66.0100,65.1700,65.6500,1431014
2024-02-13,65.6900,66.3900,65.2700,65.4400,2324829
2024-02-14,65.1200,65.7900,64.9800,65.5300,1247134
2024-02-15,66.1500,67.1700,66.1000,66.8500,2872026
2024-02-16,67.3600,68.0300,67.3300,67.3800,2853188
2024-02-19,67.3700,67.6900,67.1700,67.6300,1774036
2024-02-20,67.3100,67.4300,66.4500,66.7800,2526297
2024-02-21,67.5700,68.6600,67.3700,68.0700,3552731
2024-02-22,70.9500,72.2400,70.3600,71.2700,7352263
2024-02-23,71.6800,72.9200,71.3600,71.6800,4349780
2024-02-26,71.3600,71.9000,70.7700,71.3600,2730537
2024-02-27,71.3000,72.5200,71.1500,72.1600,2467850
2024-02-28,72.8500,73.4900,72.3900,73.4000,3369399
2024-02-29,73.5300,74.2700,73.2200,73.6400,4241706
2024-03-01,74.1700,75.0700,73.8700,74.0900,4126828
2024-03-04,73.8200,74.2500,73.5300,73.7400,1924498
2024-03-05,73.8000,73.8000,72.6700,73.7600,1782226
2024-03-06,73.6800,73.8400,72.7900,72.8500,2513190
2024-03-07,72.2500,72.5500,71.0600,72.4000,2665450
2024-03-08,72.4000,73.0100,72.0400,72.5500,2024985
2024-03-11,72.3800,72.5000,72.0100,72.4000,1915139
2024-03-12,72.4900,73.4900,72.1800,73.3200,3658094
2024-03-13,72.9900,73.1300,72.2400,72.4900,2930477
2024-03-14,72.5000,73.4500,72.1800,72.5400,3021335
2024-03-15,72.8800,73.9800,72.6900,73.1000,7718621
2024-03-18,73.3800,73.9400,73.1100,73.3600,1790934
2024-03-19,73.6400,74.2300,73.2900,74.1500,2524749
2024-03-20,74.0500,74.0500,73.4200,73.8000,1631620
2024-03-21,74.4700,74.5200,73.0400,73.3400,2452128
2024-03-22,73.3400,73.6400,72.9600,73.5000,1735721
2024-03-25,73.5800,73.7700,73.3500,73.7200,1377705
2024-03-26,73.7700,74.0400,73.3200,73.4500,2053627
2024-03-27,73.4500,73.8200,72.8400,73.5200,2007814
2024-03-28,73.6200,74.1000,73.3600,73.8100,2523071
2024-04-02,74.2000,74.2300,73.3500,73.4700,2459790
2024-04-03,73.6900,74.0200,73.1900,73.9100,2693400
2024-04-04,73.9500,75.6300,73.7800,75.2700,3037790
2024-04-05,74.2900,74.7800,74.0000,74.7100,2919782
2024-04-08,75.0500,77.4500,75.0400,76.6100,4060772
2024-04-09,76.4000,76.7000,75.9500,76.1800,1879793
2024-04-10,76.9000,77.3600,75.3600,76.0000,2440713
2024-04-11,76.0500,76.2400,75.1100,75.7400,2083716
2024-04-12,76.3700,76.5700,74.8400,75.3700,2761599
2024-04-15,75.5200,77.1200,75.5200,76.2400,2436821
2024-04-16,75.1100,75.1100,74.1600,74.6100,3364354
2024-04-17,74.5700,75.2100,74.2400,74.4000,1863829
2024-04-18,74.8100,75.1400,74.4500,74.8100,1799323
2024-04-19,74.2200,74.3500,73.4900,74.1400,2620156
2024-04-22,74.8800,74.9000,73.3600,74.1900,2146207
2024-04-23,74.7000,74.7800,73.2300,74.0500,2305021
2024-04-24,74.1500,74.4400,73.7700,74.0200,2223226
2024-04-25,74.3600,74.3600,72.3600,73.2200,2689932
2024-04-26,73.6400,74.7900,73.2600,74.3600,2632815
2024-04-29,75.0000,75.2800,74.5200,74.7900,2456200
2024-04-30,73.2100,73.7900,70.4100,70.9400,8393648
2024-05-02,71.0000,71.9400,70.6400,70.9100,3280527
2024-05-03,71.5800,72.5500,70.9300,71.5800,2609686
2024-05-06,72.2800,73.2200,71.8000,72.5300,2735872
2024-05-07,73.0200,73.6800,72.4300,73.3000,3251924
2024-05-08,73.3100,73.4200,71.9700,72.5700,4055379
2024-05-09,68.6500,68.8200,67.8400,68.3500,3430145
2024-05-10,68.6500,68.7300,67.8700,68.1900,4129482
2024-05-13,67.9300,68.5200,67.5300,68.3600,3638292
2024-05-14,68.5300,69.5000,68.3800,69.3300,3616857
2024-05-15,69.5000,70.1300,69.0000,69.0000,3804493
2024-05-16,68.8000,68.9400,67.9500,68.3200,3444772
2024-05-17,68.2500,68.8600,67.9500,68.0600,3298305
2024-05-20,68.5100,68.6000,67.0600,67.1300,3137023
2024-05-21,66.8000,66.9200,66.4500,66.8100,3152633
2024-05-22,65.7000,66.3300,64.7000,65.7600,4205029
2024-05-23,65.8300,66.1100,65.3100,65.7100,3251540
2024-05-24,65.1100,66.3200,65.0400,66.0300,3457306
2024-05-27,66.2100,66.6000,65.9000,66.2900,2876501
2024-05-28,66.5500,66.9900,66.1200,66.3800,2770712
2024-05-29,66.1500,66.2400,65.3500,65.4700,3414908
2024-05-30,65.3700,66.0700,65.1400,65.9300,3371431
2024-05-31,66.1300,66.6200,65.6700,66.4000,4258600
2024-06-03,66.7800,67.1000,66.3300,66.3300,3259641
2024-06-04,66.1400,66.4200,65.1100,65.5300,3371598
2024-06-05,65.5600,66.1100,65.3700,65.5800,2829994
2024-06-06,65.6500,66.0300,65.2900,65.7800,2822962
2024-06-07,65.6000,65.8000,64.7000,65.1100,2832694
2024-06-10,64.7900,65.5200,64.2900,65.5200,3433214
2024-06-11,65.6100,65.8600,64.9600,65.4100,2618452
2024-06-12,65.0800,65.6700,64.2200,64.8200,4045755
2024-06-13,64.4100,64.5800,63.4200,63.6500,4129584
2024-06-14,63.6000,63.7000,62.7300,63.2000,4296952
2024-06-17,63.4600,63.9200,63.0800,63.5900,3286072
2024-06-18,64.0100,64.1900,63.3000,63.5200,3348931
2024-06-19,63.6000,64.0300,63.4200,63.8300,3502734
2024-06-20,63.9100,64.5000,63.7600,64.3400,3434677
2024-06-21,64.4300,64.4700,63.5200,63.6600,7796754
2024-06-24,63.8800,65.4800,63.8700,64.5400,5794098
2024-06-25,64.6300,65.2100,64.4500,64.8100,3803385
2024-06-26,64.7300,64.9600,63.9900,64.2500,3783208
2024-06-27,64.1800,64.3500,63.2700,63.4300,2913012
2024-06-28,64.6900,65.2100,64.1000,64.5700,4116238
2024-07-01,65.5700,65.8400,64.7800,64.8000,3180533
2024-07-02,64.7200,64.8600,64.0600,64.7300,2190700
2024-07-03,64.9100,65.5200,64.8000,65.3000,2660206
2024-07-04,65.5800,66.2800,65.5200,65.9400,1860262
2024-07-05,65.8500,66.2500,65.1800,65.4700,1852800
2024-07-08,65.2900,65.9300,65.1700,65.3900,1568407
2024-07-09,63.8400,64.2200,62.8500,63.1500,5259368
2024-07-10,63.2300,64.1500,62.6900,63.9500,2319816
2024-07-11,64.1200,64.3100,63.3100,64.0000,1896878
2024-07-12,64.1800,64.8200,64.0000,64.7800,2221246
2024-07-15,64.5900,64.6400,64.1400,64.4600,1287932
2024-07-16,64.1300,64.1800,63.1600,63.5500,2288680
2024-07-17,63.3100,63.6300,62.9900,63.3500,1859231
2024-07-18,64.0800,64.8100,63.7400,64.4000,2303093
2024-07-19,63.9000,64.1400,63.4900,63.5300,2626148
2024-07-22,63.7800,64.8700,63.7700,64.2500,1922287
2024-07-23,64.0000,64.8100,63.5500,63.9700,1924445
2024-07-24,63.2200,63.6600,63.1200,63.4600,2087885
2024-07-25,62.5000,63.2100,62.1500,62.9600,3069525
2024-07-26,61.4300,63.4600,61.0000,63.0200,3428669
2024-07-29,63.1300,63.3400,61.7400,61.9000,3162545
2024-07-30,61.8600,62.2000,61.4200,61.6300,2366200
2024-07-31,61.5100,61.8900,60.8700,61.1600,3191732
2024-08-01,60.3400,60.6400,58.7200,59.4300,5011332
2024-08-02,59.4000,59.5100,57.8900,58.3000,4403507
2024-08-05,57.0000,57.3900,55.9100,56.9200,5512461
2024-08-06,57.1700,57.4200,56.3100,56.5800,4381209
2024-08-07,56.8000,58.3300,56.7600,57.8400,3979891
2024-08-08,57.5900,58.0500,57.2600,58.0400,3170892
2024-08-09,58.0200,58.4600,57.4700,57.8100,2833651
2024-08-12,57.9600,58.0400,57.2400,57.4800,1827038
2024-08-13,57.5700,57.7700,57.1400,57.4400,1468641
2024-08-14,57.7700,58.4500,57.5200,58.2700,2321824
2024-08-15,58.4000,59.8900,58.1600,59.5900,3524580
2024-08-16,59.9000,60.3500,59.8100,60.0900,2706255
2024-08-19,60.2100,61.0700,60.2000,60.7000,1919994
2024-08-20,60.9200,61.3100,60.6900,60.9600,1534133
2024-08-21,60.7500,61.9300,60.6700,61.8600,2094335
2024-08-22,61.9000,62.0300,61.5000,61.6100,1466942
2024-08-23,61.8700,62.3000,61.8100,62.0900,1568220
2024-08-26,62.0100,62.6300,61.9100,62.3100,1134116
2024-08-27,62.5000,63.2400,62.3400,62.5600,1456113
2024-08-28,62.6700,62.8600,62.0700,62.1400,1525711
2024-08-29,62.2000,62.8500,62.0400,62.3800,1589038
2024-08-30,62.4600,62.6400,62.2100,62.3400,5031257
2024-09-02,62.5200,62.5600,60.8400,61.9600,1814966
2024-09-03,61.8300,62.0200,60.6900,60.9000,2112431
2024-09-04,59.9000,60.3300,59.4400,59.8900,2125959
2024-09-05,59.5200,60.9200,59.3800,60.0400,2087484
2024-09-06,59.9100,59.9400,58.1600,58.4500,3629612
2024-09-09,58.5700,58.6300,57.8700,58.2400,2115513
2024-09-10,58.0000,58.1600,54.8900,55.4000,6553320
2024-09-11,55.5900,56.0000,54.9100,55.6800,2739115
2024-09-12,56.3600,56.5600,55.3300,55.6700,2145779
2024-09-13,55.9000,56.9400,55.9000,56.7400,2445525
2024-09-16,56.7000,56.7700,56.2100,56.5400,1736912
2024-09-17,56.6000,57.5700,56.4800,57.1700,2265617
2024-09-18,57.2500,57.7800,57.0900,57.6100,1880169
2024-09-19,58.5400,59.5600,58.2900,59.0100,3205218
2024-09-20,54.8000,55.5800,54.0500,54.9900,12974515
2024-09-23,54.8000,56.0900,54.2100,56.0900,3480241
2024-09-24,57.1100,57.5300,56.7000,56.8300,3628476
2024-09-25,56.6300,57.0700,55.8200,55.8800,3152780
2024-09-26,56.2900,57.9900,56.2400,57.7100,3640198
2024-09-27,57.9900,59.7100,57.9500,59.4900,4089075
2024-09-30,59.0900,59.1600,57.9200,58.0400,4211463
2024-10-01,58.1500,58.2800,57.1500,57.5000,2462388
2024-10-02,57.5200,58.1500,57.2700,57.3500,1687377
2024-10-03,56.8300,56.9100,56.0000,56.7200,2392141
2024-10-04,56.7900,57.6900,56.5600,57.3200,2500725
2024-10-07,57.5900,57.7100,57.0000,57.6700,1294709
2024-10-08,56.5800,57.0900,56.0200,56.4400,2938069
2024-10-09,56.6000,57.0600,56.1100,57.0000,1986078
2024-10-10,56.9500,57.6500,56.6700,57.2000,1750213
2024-10-11,57.0100,57.8200,56.7600,57.8200,2454087
2024-10-14,58.0600,58.1000,57.4300,57.7600,1484578
2024-10-15,57.8400,57.8900,56.6300,57.2700,2866690
2024-10-16,56.9000,57.1100,56.3200,56.7700,2841983
2024-10-17,56.8000,57.3600,56.3200,56.9000,1716231
2024-10-18,56.9400,58.4200,56.9300,57.3000,2523894
2024-10-21,57.0800,57.6000,56.9100,57.0000,1158864
2024-10-22,56.8200,57.4900,56.6900,57.3800,1487786
2024-10-23,57.7600,58.6700,57.5000,57.5300,1907256
2024-10-24,57.5400,59.6800,57.5300,58.3600,3311420
2024-10-25,56.5200,58.0800,56.1000,57.7900,3687573
2024-10-28,58.3300,58.4200,56.7400,57.4300,2070594
2024-10-29,57.3000,57.8100,56.6000,56.9500,2382145
2024-10-30,56.3000,56.5500,55.6400,56.4000,3051700
2024-10-31,55.8400,56.4400,55.7000,55.7000,2542253
2024-11-01,55.6000,56.2700,55.6000,55.9500,1876036
2024-11-04,55.9400,56.7800,55.9000,56.1800,1396147
2024-11-05,56.2600,56.3600,55.5200,55.9000,1790790
2024-11-06,54.2100,54.9500,51.9100,52.3000,8329078
2024-11-07,52.5600,54.1700,52.3900,53.7700,4287603
2024-11-08,53.5000,53.5000,51.9800,52.3600,4468599
2024-11-11,52.8800,52.9600,51.8600,52.8500,3562640
2024-11-12,52.1900,53.1500,51.8700,52.0600,3689097
2024-11-13,51.5700,51.7600,50.7500,51.4400,4424408
2024-11-14,51.6000,52.6800,51.3700,52.4700,3244383
2024-11-15,51.9300,53.3700,51.9100,52.9500,2563264
2024-11-18,53.0800,53.9200,53.0800,53.5100,2089655
2024-11-19,53.3900,53.6900,52.1000,52.8700,3136359
2024-11-20,53.0000,53.0800,51.8300,51.8900,2007152
2024-11-21,51.8900,51.9000,50.9800,51.8500,2658294
2024-11-22,51.8900,52.3500,50.9800,52.2700,2463554
2024-11-25,52.7900,53.1200,52.2900,52.8300,3843923
2024-11-26,52.0200,52.5200,51.6200,52.2800,2307727
2024-11-27,52.1100,52.3800,51.9100,52.3300,1536542
2024-11-28,52.3300,52.9600,52.3000,52.6600,1722608
2024-11-29,52.3800,52.9700,52.2900,52.9600,2197372
2024-12-02,52.3200,53.7700,52.1400,53.3500,2620424
2024-12-03,52.6000,52.8300,52.0000,52.0000,3639208
2024-12-04,52.1000,53.6100,52.0800,53.0400,2577322
2024-12-05,53.0100,53.5900,52.9100,53.3800,2540821
2024-12-06,53.2800,54.1400,53.2400,53.7800,2344966
2024-12-09,54.4300,55.7900,54.3000,55.5200,3067587
2024-12-10,55.4400,56.4000,55.2600,56.0700,2769672
2024-12-11,56.2900,56.4000,55.4300,55.6900,2306885
2024-12-12,55.5600,56.4300,55.5600,56.2600,3000150
2024-12-13,56.3900,57.2300,56.3900,56.5300,2466855
2024-12-16,56.2200,56.4600,53.8200,54.3500,4845517
2024-12-17,53.8900,54.7900,53.8800,54.0500,2274637
2024-12-18,54.5000,54.7800,53.9200,53.9400,2496036
2024-12-19,53.2600,54.3200,53.1600,53.4700,2145399
2024-12-20,53.1000,53.4900,52.6700,53.4500,5432634
2024-12-23,53.4200,53.4400,52.4500,52.7200,1754633
2024-12-27,52.7200,53.6600,52.6100,53.5500,1997845
2024-12-30,53.1400,53.8500,53.0600,53.8000,809960
2025-01-02,53.6000,53.9500,52.0100,52.8800,2393516
2025-01-03,52.7200,53.0700,52.2100,52.4500,1477736
2025-01-06,52.9900,55.6400,52.8700,54.3400,4114191
2025-01-07,54.0000,54.4400,53.2600,54.3200,2438201
2025-01-08,54.0100,54.4000,52.9400,53.3100,2450937
2025-01-09,52.9600,53.1800,52.3700,53.0600,1767039
2025-01-10,52.8900,55.6800,52.4700,55.0400,4544291
2025-01-13,55.2400,56.2500,55.1000,55.4500,2274840
2025-01-14,55.6800,56.6000,55.5500,55.5500,1945433
2025-01-15,55.7400,56.5300,55.2100,56.3000,2285596
2025-01-16,56.7000,56.7000,55.1600,55.1600,2714974
2025-01-17,55.2200,55.9300,54.9300,55.0900,2591836
2025-01-20,55.2200,56.9000,54.6000,56.3700,3039528
2025-01-21,55.8500,56.0500,55.4700,56.0500,1996392
2025-01-22,55.7000,56.3900,55.2400,56.2500,1779763
2025-01-23,56.6600,56.7200,55.5400,55.8200,1806095
2025-01-24,56.3200,58.0000,56.0900,56.7900,2946290
2025-01-27,57.0500,57.6700,56.5100,57.6200,2550047
2025-01-28,58.5000,59.2700,58.2100,58.4400,2746931
2025-01-29,58.5100,58.8300,57.8600,58.7400,2181761
2025-01-30,58.8700,59.4600,58.5100,59.3300,1686811
2025-01-31,59.3300,59.4100,58.6200,58.9200,2123543
2025-02-03,56.5600,57.3300,55.7900,57.2100,4036531
2025-02-04,56.7500,57.3400,56.0600,57.3400,2022115
2025-02-05,57.0300,57.2700,56.0600,56.6500,2447225
2025-02-06,56.4200,57.7700,56.0800,57.5200,2167318
2025-02-07,57.7000,58.1500,56.5400,56.8800,1998129
2025-02-10,56.8200,57.8200,56.8100,57.5500,1881145
2025-02-11,57.4800,57.7400,56.8300,57.1800,1978418
2025-02-12,57.5600,58.3300,57.3000,58.0000,2687822
2025-02-13,58.7900,61.2900,58.7900,61.1300,5139254
2025-02-14,60.5200,62.0300,60.4000,61.3200,2945013
2025-02-17,61.4100,61.8000,61.2300,61.5000,1824490
2025-02-18,61.7900,62.2300,61.1700,62.2100,2093787
2025-02-19,61.8900,62.0300,60.6500,61.1800,2745015
2025-02-20,59.3400,60.7700,58.8700,59.6300,3990432
2025-02-21,59.6500,59.8500,57.8700,58.8000,4007361
2025-02-24,59.6000,59.9700,59.1800,59.6500,2407404
2025-02-25,59.3500,60.9400,59.2000,60.7000,2098724
2025-02-26,60.6100,61.5800,60.5500,61.4300,1974930
2025-02-27,59.8400,60.7200,59.7000,59.9800,2725518
2025-02-28,59.2200,60.0200,58.7900,59.7700,4157028
2025-03-03,59.5000,62.2900,59.2300,60.7300,3357936
2025-03-04,59.6200,59.7500,56.9500,57.8100,5040808
2025-03-05,59.4800,61.0300,59.0900,59.5900,4451123
2025-03-06,60.8000,62.8700,60.7500,62.3000,4775007
2025-03-07,61.5700,62.1500,60.0900,60.7000,2864015
2025-03-10,61.7400,62.3200,60.5000,61.9600,3613491
2025-03-11,61.8900,63.1700,60.2600,60.7600,4046164
2025-03-12,61.0600,61.2200,59.9800,60.5000,1824873
2025-03-13,59.8000,60.3200,58.7700,59.7200,2758884
2025-03-14,59.3100,60.9400,58.7200,59.9700,2933762
2025-03-17,60.1500,60.7000,59.6300,59.8800,1872862
2025-03-18,60.3600,61.5500,60.1300,61.2800,2910571
2025-03-19,60.5600,61.1500,59.7200,59.9500,2214608
2025-03-20,59.9900,60.0200,57.9200,58.4900,3393659
2025-03-21,58.6700,58.9000,57.7000,58.3600,7410891
2025-03-24,59.3700,59.5600,58.3800,58.6500,2365705
2025-03-25,59.1800,59.5900,58.8100,59.2500,2203636
2025-03-26,59.8000,59.8100,57.8700,58.0300,2140217
2025-03-27,55.8000,56.5700,54.7500,56.4700,4804005
2025-03-28,56.0000,56.6000,55.4400,55.7500,2572723
2025-03-31,55.1300,55.1900,53.5500,54.1900,3831087
2025-04-01,54.7200,54.7200,53.7300,54.2300,2580527
2025-04-02,53.7000,54.2700,53.2500,53.9700,2147529
2025-04-03,52.1900,54.0500,51.5200,51.7600,4681619
2025-04-04,51.5000,51.6000,48.3050,49.0650,7911418
2025-04-07,45.6600,51.4600,45.6000,49.0450,9597233
2025-04-08,49.7850,50.0100,48.3150,48.3150,5421050
2025-04-09,46.8700,48.3600,45.9500,46.6200,5711669
2025-04-10,51.2300,51.2700,47.5350,47.5950,5310883
2025-04-11,48.3100,48.4900,46.9500,48.1950,4095267
2025-04-14,49.1200,49.5200,48.6750,49.2600,3063537
2025-04-15,50.5000,51.1600,49.8000,50.1400,2536682
2025-04-16,49.5800,50.3900,49.0750,50.3900,2300494
2025-04-17,50.2100,50.7700,49.8100,50.2300,1993456
2025-04-22,50.9500,51.5900,50.1600,51.4200,2481265
2025-04-23,52.2800,53.5100,52.1000,53.0100,3151849
2025-04-24,52.8600,53.8300,52.6900,53.8100,1649627
2025-04-25,54.3200,54.8200,54.0000,54.5900,3250409
2025-04-28,55.0500,55.5700,54.9200,54.9700,2364594
2025-04-29,54.4300,54.5300,53.2800,53.9400,4119468
2025-04-30,52.9100,54.3700,52.1200,52.4700,4467210
2025-05-02,53.5500,53.7700,52.3900,53.3000,3648200
2025-05-05,53.5000,54.2000,53.0900,53.9300,2565587
2025-05-06,54.3600,54.4800,53.0300,54.1200,3203677
2025-05-07,54.3300,54.9200,53.6600,53.9900,4351006
2025-05-08,50.5000,50.8700,49.7600,50.8700,5007933
2025-05-09,51.3000,51.9200,50.8500,51.0700,3084685
2025-05-12,52.1100,54.5100,52.0500,52.8600,6323066
2025-05-13,53.1400,54.0300,53.0400,53.9400,2144270
2025-05-14,53.9300,54.0300,52.9400,53.6900,2286988
2025-05-15,53.5000,53.9400,52.9200,53.2300,2198848
2025-05-16,53.2600,53.4800,52.4200,52.5000,2190499
2025-05-19,52.4600,52.9500,52.4500,52.7300,1071382
2025-05-20,52.6100,53.5500,52.0700,53.2500,2372821
2025-05-21,53.0700,53.2300,52.3200,53.2300,1568501
2025-05-22,52.7300,53.1500,52.1700,52.6400,1532043
2025-05-23,52.5000,52.9000,49.9250,50.5400,4321619
2025-05-26,51.6100,51.8100,51.2300,51.5900,1592755
